{"cameraMode":{"drawMode":0,"name":"Shaded","section":"Shading Mode"},"sceneLighting":false,"audioPlay":false,"sceneViewState":{"showFog":true,"showMaterialUpdate":false,"showSkybox":false,"showFlares":true,"showImageEffects":true,"showParticleSystems":true},"in2DMode":false,"pivot":{"x":-15.077600479125977,"y":5.061404228210449,"z":0.1059190034866333},"rotation":{"x":0.35965824127197268,"y":-0.24083901941776277,"z":0.09663303941488266,"w":0.8962987661361694},"size":3.050936460494995,"orthographic":false}