{"cameraMode":{"drawMode":0,"name":"Shaded","section":"Shading Mode"},"sceneLighting":true,"audioPlay":false,"sceneViewState":{"showFog":true,"showMaterialUpdate":false,"showSkybox":false,"showFlares":true,"showImageEffects":true,"showParticleSystems":true},"in2DMode":false,"pivot":{"x":-26.014074325561525,"y":-0.13199949264526368,"z":-3.588135004043579},"rotation":{"x":-0.09281791746616364,"y":0.45191630721092226,"z":-0.046781688928604129,"w":-0.886228084564209},"size":10.455411911010743,"orthographic":false}