{"cameraMode":{"drawMode":0,"name":"Shaded","section":"Shading Mode"},"sceneLighting":true,"audioPlay":false,"sceneViewState":{"showFog":true,"showMaterialUpdate":false,"showSkybox":false,"showFlares":true,"showImageEffects":true,"showParticleSystems":true},"in2DMode":false,"pivot":{"x":15.278264045715332,"y":6.571140766143799,"z":-2.809305429458618},"rotation":{"x":-0.06283324956893921,"y":-0.739967942237854,"z":0.07083085179328919,"w":-0.6661564707756043},"size":14.860950469970704,"orthographic":false}