{"cameraMode":{"drawMode":0,"name":"Shaded","section":"Shading Mode"},"sceneLighting":false,"audioPlay":false,"sceneViewState":{"showFog":true,"showMaterialUpdate":false,"showSkybox":false,"showFlares":true,"showImageEffects":true,"showParticleSystems":true},"in2DMode":false,"pivot":{"x":0.10637843608856201,"y":-4.257606506347656,"z":-1.6278324127197266},"rotation":{"x":-0.5280245542526245,"y":-0.08604198694229126,"z":0.05389720946550369,"w":-0.8431495428085327},"size":10.0,"orthographic":false}